{"blockIncrease7Day": 0.0032876981206143847, "blockHourPrice": [[1552359600000, 0.00020379], [1552363200000, 0.00020379], [1552366800000, 0.00020379], [1552370400000, 0.00020379], [1552374000000, 0.00020379], [1552377600000, 0.00020379], [1552381200000, 0.00020379], [1552384800000, 0.00020379], [1552388400000, 0.00020379], [1552392000000, 0.00020379], [1552395600000, 0.00020379], [1552399200000, 0.00020379], [1552402800000, 0.00020379], [1552406400000, 0.00020379], [1552410000000, 0.00020379], [1552413600000, 0.00020379], [1552417200000, 0.00020379], [1552420800000, 0.00020379], [1552424400000, 0.00020379], [1552428000000, 0.00020379], [1552431600000, 0.00020379], [1552435200000, 0.00020379], [1552438800000, 0.00020379], [1552442400000, 0.00020379], [1552446000000, 0.00020379], [1552449600000, 0.00020379], [1552453200000, 0.00020379], [1552456800000, 0.00020379], [1552460400000, 0.00020379], [1552464000000, 0.00020379], [1552467600000, 0.00020379], [1552471200000, 0.00020379], [1552474800000, 0.00020379], [1552478400000, 0.00020379], [1552482000000, 0.00020379], [1552485600000, 0.00020379], [1552489200000, 0.00020379], [1552492800000, 0.00020379], [1552496400000, 0.00020379], [1552500000000, 0.00020379], [1552503600000, 0.00020379], [1552507200000, 0.00020379], [1552510800000, 0.00020379], [1552514400000, 0.00020379], [1552518000000, 0.00020379], [1552521600000, 0.00020379], [1552525200000, 0.00020379], [1552528800000, 0.00020379], [1552532400000, 0.00020379], [1552536000000, 0.00020379], [1552539600000, 0.00020379], [1552543200000, 0.00020379], [1552546800000, 0.00020379], [1552550400000, 0.00020379], [1552554000000, 0.00020379], [1552557600000, 0.00020379], [1552561200000, 0.00020379], [1552564800000, 0.00020379], [1552568400000, 0.00020379], [1552572000000, 0.00020379], [1552575600000, 0.00020379], [1552579200000, 0.00020379], [1552582800000, 0.00020379], [1552586400000, 0.00020379], [1552590000000, 0.00020379], [1552593600000, 0.00020379], [1552597200000, 0.00020379], [1552600800000, 0.00020379], [1552604400000, 0.00020379], [1552608000000, 0.00020379], [1552611600000, 0.00020379], [1552615200000, 0.00020379], [1552618800000, 0.00020379], [1552622400000, 0.00020379], [1552626000000, 0.00020379], [1552629600000, 0.00020379], [1552633200000, 0.00020379], [1552636800000, 0.00020379], [1552640400000, 0.00020379], [1552644000000, 0.00020379], [1552647600000, 0.00020379], [1552651200000, 0.00020379], [1552654800000, 0.00020379], [1552658400000, 0.00020379], [1552662000000, 0.00020379], [1552665600000, 0.00020379], [1552669200000, 0.00020379], [1552672800000, 0.00020379], [1552676400000, 0.00020379], [1552680000000, 0.00020379], [1552683600000, 0.00020379], [1552687200000, 0.00020379], [1552690800000, 0.00020379], [1552694400000, 0.00020379], [1552698000000, 0.00020379], [1552701600000, 0.00020379], [1552705200000, 0.00020379], [1552708800000, 0.00020379], [1552712400000, 0.00020379], [1552716000000, 0.00020379], [1552719600000, 0.00020379], [1552723200000, 0.00020379], [1552726800000, 0.00020379], [1552730400000, 0.00020379], [1552734000000, 0.00020379], [1552737600000, 0.00020379], [1552741200000, 0.00020379], [1552744800000, 0.00020379], [1552748400000, 0.00020379], [1552752000000, 0.00020379], [1552755600000, 0.00020379], [1552759200000, 0.00020379], [1552762800000, 0.00020379], [1552766400000, 0.00020379], [1552770000000, 0.00020379], [1552773600000, 0.00020379], [1552777200000, 0.00020379], [1552780800000, 0.00020379], [1552784400000, 0.00020379], [1552788000000, 0.00020379], [1552791600000, 0.00020379], [1552795200000, 0.00020379], [1552798800000, 0.00020379], [1552802400000, 0.00020379], [1552806000000, 0.00020379], [1552809600000, 0.00020379], [1552813200000, 0.00020379], [1552816800000, 0.00020379], [1552820400000, 0.00020379], [1552824000000, 0.00020379], [1552827600000, 0.00020379], [1552831200000, 0.00020379], [1552834800000, 0.00020379], [1552838400000, 0.00020379], [1552842000000, 0.00020379], [1552845600000, 0.00020379], [1552849200000, 0.00020379], [1552852800000, 0.00020379], [1552856400000, 0.00020379], [1552860000000, 0.00020379], [1552863600000, 0.00020379], [1552867200000, 0.00020379], [1552870800000, 0.00020379], [1552874400000, 0.00020379], [1552878000000, 0.00020379], [1552881600000, 0.00020379], [1552885200000, 0.00020379], [1552888800000, 0.00020379], [1552892400000, 0.00020379], [1552896000000, 0.00020379], [1552899600000, 0.00020379], [1552903200000, 0.00020379], [1552906800000, 0.00020379], [1552910400000, 0.00020379], [1552914000000, 0.00020379], [1552917600000, 0.00020379], [1552921200000, 0.00020379], [1552924800000, 0.00020379], [1552928400000, 0.00020379], [1552932000000, 0.00020379], [1552935600000, 0.00020379], [1552939200000, 0.00020379], [1552942800000, 0.00020379], [1552946400000, 0.00020379], [1552950000000, 0.00020379], [1552953600000, 0.00020379], [1552957200000, 0.00020379], [1552960800000, 0.00020379], [1552964400000, 0.00020379], [1552968000000, 0.00020379], [1552971600000, 0.00020379], [1552975200000, 0.00020379], [1552978800000, 0.00020379], [1552982400000, 0.00020379], [1552986000000, 0.00020379], [1552989600000, 0.00020379], [1552993200000, 0.00020379], [1552996800000, 0.00020379], [1553000400000, 0.00020379], [1553004000000, 0.00020379], [1553007600000, 0.00020379], [1553011200000, 0.00020379], [1553014800000, 0.00020379], [1553018400000, 0.00020379], [1553022000000, 0.00020379], [1553025600000, 0.00020379], [1553029200000, 0.00020379], [1553032800000, 0.00020379], [1553036400000, 0.00020379], [1553040000000, 0.00020379], [1553043600000, 0.00020379], [1553047200000, 0.00020379], [1553050800000, 0.00020379], [1553054400000, 0.00020379], [1553058000000, 0.00020379], [1553061600000, 0.00020379], [1553065200000, 0.00020379], [1553068800000, 0.00020379], [1553072400000, 0.00020379], [1553076000000, 0.00020379], [1553079600000, 0.00020379], [1553083200000, 0.00020379], [1553086800000, 0.00020379], [1553090400000, 0.00020379], [1553094000000, 0.00020379], [1553097600000, 0.00020379], [1553101200000, 0.00020379], [1553104800000, 0.00020379], [1553108400000, 0.00020379], [1553112000000, 0.00020379], [1553115600000, 0.00020379], [1553119200000, 0.00020379], [1553122800000, 0.00020379], [1553126400000, 0.00020379], [1553130000000, 0.00020379], [1553133600000, 0.00020379], [1553137200000, 0.00020379], [1553140800000, 0.00020379], [1553144400000, 0.00020379], [1553148000000, 0.00020379], [1553151600000, 0.00020379], [1553155200000, 0.00020379], [1553158800000, 0.00020379], [1553162400000, 0.00020379], [1553166000000, 0.00020379], [1553169600000, 0.00020379], [1553173200000, 0.00020379], [1553176800000, 0.00020379], [1553180400000, 0.00020379], [1553184000000, 0.00020379], [1553187600000, 0.00020379], [1553191200000, 0.00020379], [1553194800000, 0.00020379], [1553198400000, 0.00020379], [1553202000000, 0.00020379], [1553205600000, 0.00020379], [1553209200000, 0.00020379], [1553212800000, 0.00020379], [1553216400000, 0.00020379], [1553220000000, 0.00020446]], "last_t": 1553223121, "exchangeVolume": 7296702.01, "exchangeMsPrice": 0.02160276, "blockIncrease": 0.0032876981206143847}