{"blockIncrease7Day": 0, "blockHourPrice": [[1556359200000, 0.00020446], [1556362800000, 0.00020446], [1556366400000, 0.00020446], [1556370000000, 0.00020446], [1556373600000, 0.00020446], [1556377200000, 0.00020446], [1556380800000, 0.00020446], [1556384400000, 0.00020446], [1556388000000, 0.00020446], [1556391600000, 0.00020446], [1556395200000, 0.00020446], [1556398800000, 0.00020446], [1556402400000, 0.00020446], [1556406000000, 0.00020446], [1556409600000, 0.00020446], [1556413200000, 0.00020446], [1556416800000, 0.00020446], [1556420400000, 0.00020446], [1556424000000, 0.00020446], [1556427600000, 0.00020446], [1556431200000, 0.00020446], [1556434800000, 0.00020446], [1556438400000, 0.00020446], [1556442000000, 0.00020446], [1556445600000, 0.00020446], [1556449200000, 0.00020446], [1556452800000, 0.00020446], [1556456400000, 0.00020446], [1556460000000, 0.00020446], [1556463600000, 0.00020446], [1556467200000, 0.00020446], [1556470800000, 0.00020446], [1556474400000, 0.00020446], [1556478000000, 0.00020446], [1556481600000, 0.00020446], [1556485200000, 0.00020446], [1556488800000, 0.00020446], [1556492400000, 0.00020446], [1556496000000, 0.00020446], [1556499600000, 0.00020446], [1556503200000, 0.00020446], [1556506800000, 0.00020446], [1556510400000, 0.00020446], [1556514000000, 0.00020446], [1556517600000, 0.00020446], [1556521200000, 0.00020446], [1556524800000, 0.00020446], [1556528400000, 0.00020446], [1556532000000, 0.00020446], [1556535600000, 0.00020446], [1556539200000, 0.00020446], [1556542800000, 0.00020446], [1556546400000, 0.00020446], [1556550000000, 0.00020446], [1556553600000, 0.00020446], [1556557200000, 0.00020446], [1556560800000, 0.00020446], [1556564400000, 0.00020446], [1556568000000, 0.00020446], [1556571600000, 0.00020446], [1556575200000, 0.00020446], [1556578800000, 0.00020446], [1556582400000, 0.00020446], [1556586000000, 0.00020446], [1556589600000, 0.00020446], [1556593200000, 0.00020446], [1556596800000, 0.00020446], [1556600400000, 0.00020446], [1556604000000, 0.00020446], [1556607600000, 0.00020446], [1556611200000, 0.00020446], [1556614800000, 0.00020446], [1556618400000, 0.00020446], [1556622000000, 0.00020446], [1556625600000, 0.00020446], [1556629200000, 0.00020446], [1556632800000, 0.00020446], [1556636400000, 0.00020446], [1556640000000, 0.00020446], [1556643600000, 0.00020446], [1556647200000, 0.00020446], [1556650800000, 0.00020446], [1556654400000, 0.00020446], [1556658000000, 0.00020446], [1556661600000, 0.00020446], [1556665200000, 0.00020446], [1556668800000, 0.00020446], [1556672400000, 0.00020446], [1556676000000, 0.00020446], [1556679600000, 0.00020446], [1556683200000, 0.00020446], [1556686800000, 0.00020446], [1556690400000, 0.00020446], [1556694000000, 0.00020446], [1556697600000, 0.00020446], [1556701200000, 0.00020446], [1556704800000, 0.00020446], [1556708400000, 0.00020446], [1556712000000, 0.00020446], [1556715600000, 0.00020446], [1556719200000, 0.00020446], [1556722800000, 0.00020446], [1556726400000, 0.00020446], [1556730000000, 0.00020446], [1556733600000, 0.00020446], [1556737200000, 0.00020446], [1556740800000, 0.00020446], [1556744400000, 0.00020446], [1556748000000, 0.00020446], [1556751600000, 0.00020446], [1556755200000, 0.00020446], [1556758800000, 0.00020446], [1556762400000, 0.00020446], [1556766000000, 0.00020446], [1556769600000, 0.00020446], [1556773200000, 0.00020446], [1556776800000, 0.00020446], [1556780400000, 0.00020446], [1556784000000, 0.00020446], [1556787600000, 0.00020446], [1556791200000, 0.00020446], [1556794800000, 0.00020446], [1556798400000, 0.00020446], [1556802000000, 0.00020446], [1556805600000, 0.00020446], [1556809200000, 0.00020446], [1556812800000, 0.00020446], [1556816400000, 0.00020446], [1556820000000, 0.00020446], [1556823600000, 0.00020446], [1556827200000, 0.00020446], [1556830800000, 0.00020446], [1556834400000, 0.00020446], [1556838000000, 0.00020446], [1556841600000, 0.00020446], [1556845200000, 0.00020446], [1556848800000, 0.00020446], [1556852400000, 0.00020446], [1556856000000, 0.00020446], [1556859600000, 0.00020446], [1556863200000, 0.00020446], [1556866800000, 0.00020446], [1556870400000, 0.00020446], [1556874000000, 0.00020446], [1556877600000, 0.00020446], [1556881200000, 0.00020446], [1556884800000, 0.00020446], [1556888400000, 0.00020446], [1556892000000, 0.00020446], [1556895600000, 0.00020446], [1556899200000, 0.00020446], [1556902800000, 0.00020446], [1556906400000, 0.00020446], [1556910000000, 0.00020446], [1556913600000, 0.00020446], [1556917200000, 0.00020446], [1556920800000, 0.00020446], [1556924400000, 0.00020446], [1556928000000, 0.00020446], [1556931600000, 0.00020446], [1556935200000, 0.00020446], [1556938800000, 0.00020446], [1556942400000, 0.00020446], [1556946000000, 0.00020446], [1556949600000, 0.00020446], [1556953200000, 0.00020446], [1556956800000, 0.00020446], [1556960400000, 0.00020446], [1556964000000, 0.00020446], [1556967600000, 0.00020446], [1556971200000, 0.00020446], [1556974800000, 0.00020446], [1556978400000, 0.00020446], [1556982000000, 0.00020446], [1556985600000, 0.00020446], [1556989200000, 0.00020446], [1556992800000, 0.00020446], [1556996400000, 0.00020446], [1557000000000, 0.00020446], [1557003600000, 0.00020446], [1557007200000, 0.00020446], [1557010800000, 0.00020446], [1557014400000, 0.00020446], [1557018000000, 0.00020446], [1557021600000, 0.00020446], [1557025200000, 0.00020446], [1557028800000, 0.00020446], [1557032400000, 0.00020446], [1557036000000, 0.00020446], [1557039600000, 0.00020446], [1557043200000, 0.00020446], [1557046800000, 0.00020446], [1557050400000, 0.00020446], [1557054000000, 0.00020446], [1557057600000, 0.00020446], [1557061200000, 0.00020446], [1557064800000, 0.00020446], [1557068400000, 0.00020446], [1557072000000, 0.00020446], [1557075600000, 0.00020446], [1557079200000, 0.00020446], [1557082800000, 0.00020446], [1557086400000, 0.00020446], [1557090000000, 0.00020446], [1557093600000, 0.00020446], [1557097200000, 0.00020446], [1557100800000, 0.00020446], [1557104400000, 0.00020446], [1557108000000, 0.00020446], [1557111600000, 0.00020446], [1557115200000, 0.00020446], [1557118800000, 0.00020446], [1557122400000, 0.00020446], [1557126000000, 0.00020446], [1557129600000, 0.00020446], [1557133200000, 0.00020446], [1557136800000, 0.00020446], [1557140400000, 0.00020446], [1557144000000, 0.00020446], [1557147600000, 0.00020446], [1557151200000, 0.00020446], [1557154800000, 0.00020446], [1557158400000, 0.00020446], [1557162000000, 0.00020446], [1557165600000, 0.00020446], [1557169200000, 0.00020446], [1557172800000, 0.00020446], [1557176400000, 0.00020446], [1557180000000, 0.00020446], [1557183600000, 0.00020446], [1557187200000, 0.00020446], [1557190800000, 0.00020446], [1557194400000, 0.00020446], [1557198000000, 0.00020446], [1557201600000, 0.00020446], [1557205200000, 0.00020446], [1557208800000, 0.00020446], [1557212400000, 0.00020446], [1557216000000, 0.00020446], [1557219600000, 0.00020446]], "last_t": 1557222121, "exchangeVolume": 7296702.01, "exchangeMsPrice": 0.02160276, "blockIncrease": 0}